threshold,accuracy,precision,recall,f1
0.3,0.75,0.0,0.0,0.0
0.31,0.75,0.0,0.0,0.0
0.32,0.75,0.0,0.0,0.0
0.33,0.75,0.0,0.0,0.0
0.34,0.75,0.0,0.0,0.0
0.35000000000000003,0.75,0.0,0.0,0.0
0.36000000000000004,0.75,0.0,0.0,0.0
0.37000000000000005,0.75,0.0,0.0,0.0
0.38000000000000006,0.75,0.0,0.0,0.0
0.39000000000000007,0.75,0.0,0.0,0.0
0.4000000000000001,0.75,0.0,0.0,0.0
0.4100000000000001,0.75,0.0,0.0,0.0
0.4200000000000001,0.75,0.0,0.0,0.0
0.4300000000000001,0.75,0.0,0.0,0.0
0.4400000000000001,0.75,0.0,0.0,0.0
0.4500000000000001,0.75,0.0,0.0,0.0
0.46000000000000013,0.75,0.0,0.0,0.0
0.47000000000000014,0.75,0.0,0.0,0.0
0.48000000000000015,0.75,0.0,0.0,0.0
0.49000000000000016,0.75,0.0,0.0,0.0
0.5000000000000002,0.75,0.0,0.0,0.0
0.5100000000000002,0.75,0.0,0.0,0.0
0.5200000000000002,0.75,0.0,0.0,0.0
0.5300000000000002,0.75,0.0,0.0,0.0
0.5400000000000003,0.75,0.0,0.0,0.0
0.5500000000000003,0.75,0.0,0.0,0.0
0.5600000000000003,0.75,0.0,0.0,0.0
0.5700000000000003,0.75,0.0,0.0,0.0
0.5800000000000003,0.75,0.0,0.0,0.0
0.5900000000000003,0.75,0.0,0.0,0.0
0.6000000000000003,0.75,0.0,0.0,0.0
0.6100000000000003,0.75,0.0,0.0,0.0
0.6200000000000003,0.75,0.0,0.0,0.0
0.6300000000000003,0.75,0.0,0.0,0.0
0.6400000000000003,0.75,0.0,0.0,0.0
0.6500000000000004,0.75,0.0,0.0,0.0
0.6600000000000004,0.75,0.0,0.0,0.0
0.6700000000000004,0.75,0.0,0.0,0.0
0.6800000000000004,0.75,0.0,0.0,0.0
0.6900000000000004,0.75,0.0,0.0,0.0
0.7000000000000004,0.75,0.0,0.0,0.0
